xi,oi,qi,envelope,pred_peak_mask
0.300877183675766,0.011663549630455572,0.0,0.08193202169275392,0
-0.032807085663080215,0.010378324595938144,0.0,0.059117104062146576,0
-0.13212382793426514,0.009214023978641227,0.0,0.0629942945182296,0
0.10550658404827118,0.008920750577597605,0.0,0.05931338870059791,0
-0.0316745825111866,0.011540424865822706,0.0,0.06665141805413304,0
0.22525638341903687,0.018606078793207546,0.0,0.06844859152595063,0
0.36878618597984314,0.028371244384017724,0.0,0.07289253288568627,0
0.0823514461517334,0.03682850254373354,0.0,0.06986866861672396,0
0.08403012156486511,0.04132783274043176,0.0,0.06757224036363131,0
0.12617366015911102,0.04268487969822839,0.0,0.06264745882749911,0
0.22658748924732208,0.0442284977143754,0.0,0.06224636388403708,0
0.2861865162849426,0.04804414163742794,0.0,0.06195403126309492,0
0.07467715442180634,0.0527305235171078,0.0,0.06292631319343216,0
-0.142777219414711,0.055840665344079846,0.0,0.06114104531715528,0
-0.1653396040201187,0.056565498468645066,0.0,0.05898230107681624,0
0.11329226195812225,0.05533357698290471,0.0,0.05574057201575377,0
0.29920047521591187,0.05274706342077689,0.0,0.052757855905887316,0
0.12912558019161224,0.049149480194401164,0.0,0.05025093150978533,0
-0.06189620494842529,0.04453634683905401,0.0,0.048256681877245834,0
0.02539597451686859,0.03859913364174487,0.0,0.04843985337598243,0
0.14904911816120148,0.030068467774541908,0.0,0.05040222721340587,0
0.00860647577792406,0.016698788026926,0.0,0.05748809158079357,0
0.039827797561883926,-0.0038492149321347575,0.0,0.07003169613121353,0
0.01397851761430502,-0.03680612696050595,0.0,0.09562039382030248,0
-0.11147356778383255,-0.0953584240171862,0.0,0.13981914206991344,0
0.03145469352602959,-0.19325805289967082,0.0,0.2122078108201084,0
0.24400657415390015,-0.3140757450985974,0.0,0.31418577862050523,0
0.26846837997436523,-0.3831147058890523,0.0,0.44081914661660937,0
0.051457155495882034,-0.29472953309704425,0.0,0.5801197601385976,0
0.07336360216140747,0.0026454829785857795,0.0,0.7140986083238471,0
0.46714937686920166,0.43279935177772266,0.0,0.8262898620971324,0
0.34601736068725586,0.8036476672872287,0.0,0.8993666861427028,0
0.01624123752117157,0.9231335231259353,1.0,0.926816520824602,1
-0.04233374446630478,0.7268585059221319,0.0,0.9105982841623903,0
-0.5073374509811401,0.3014781557942022,0.0,0.8561907583950132,0
-0.3371078670024872,-0.16776299841201334,0.0,0.7685892762536297,0
0.1999569982290268,-0.4742738200631857,0.0,0.6515697553189123,0
0.40067726373672485,-0.5127484130953819,0.0,0.519011449696558,0
0.3911525011062622,-0.3520366152490825,0.0,0.38836877399760517,0
0.26514744758605957,-0.14926193373263666,0.0,0.2749110278952081,0
0.208661288022995,-0.012149782507431522,0.0,0.1871401876022246,0
-0.007302061188966036,0.043834575772466154,0.0,0.12450297297727966,0
-0.1407933086156845,0.05288037448793649,0.0,0.08523037672312728,0
0.08530813455581665,0.048814131462691965,0.0,0.06308284779324166,0
0.19510452449321747,0.04508265596867827,0.0,0.05147730220423469,0
0.04767106473445892,0.04049535282897027,0.0,0.042386186548972485,0
0.017406731843948364,0.032766918597305295,0.0,0.03314903302434,0
0.07462938129901886,0.024476229031262137,0.0,0.024713885108437347,0
0.031445425003767014,0.01976399851429081,0.0,0.02112782083645973,0
0.03026985563337803,0.02001011337552451,0.0,0.023405498998019827,0
0.1602477878332138,0.023841031907379618,0.0,0.028605243099356286,0
0.2113741934299469,0.02950312014334919,0.0,0.03378273491653387,0
0.04935771971940994,0.03579986405637208,0.0,0.038807737299234514,0
-0.03711646422743797,0.04157275431114313,0.0,0.042819118245875046,0
0.017121700569987297,0.04569339658671733,0.0,0.04585639422872535,0
-0.007816072553396225,0.047571227939457617,0.0,0.04777021941311471,0
0.11351430416107178,0.04696004183560701,0.0,0.04863570472333102,0
0.31149736046791077,0.04357399061268521,0.0,0.0484754688777052,0
0.2546175420284271,0.03748469172761628,0.0,0.04676605946859159,0
-0.006521739065647125,0.02945228552199783,0.0,0.04406731953607167,0
-0.0011829962022602558,0.020478987607638832,0.0,0.03992074367261846,0
0.10289821773767471,0.011556016985876999,0.0,0.035065002794372545,0
0.035008277744054794,0.0040998453986334175,0.0,0.028730043186317594,0
0.05585990846157074,-0.0005014525954749502,0.0,0.022483131641327647,0
0.04549996182322502,-0.002640965676092171,0.0,0.01656691614203135,0
-0.026578253135085106,-0.004144636268855424,0.0,0.011738736253584637,0
0.08176613599061966,-0.004703972803489975,0.0,0.005811428132918427,0
0.2817480266094208,-0.0008996712199429617,0.0,0.005414856582744247,0
0.2292923778295517,0.00887536668608956,0.0,0.01453406754726768,0
0.10721047222614288,0.02084892809247574,0.0,0.023158462851412105,0
0.14473740756511688,0.029788870573735828,0.0,0.029910238412611725,0
0.09363836795091629,0.03372530023869633,0.0,0.03468579128065743,0
0.030219409614801407,0.03262466195949883,0.0,0.037974297954374674,0
0.0476226769387722,0.025967292036146082,0.0,0.03982266220360585,0
-0.20033124089241028,0.014332966115757717,0.0,0.039129657193360756,0
-0.11762456595897675,0.00100467186104843,0.0,0.036576926650059745,0
0.3555492162704468,-0.010415497685143027,0.0,0.032508456108242094,0
0.41661182045936584,-0.018774758413256144,0.0,0.028872163638864547,0
0.1404922902584076,-0.023779700852187613,0.0,0.02564938335172065,0
-0.03764239326119423,-0.022737802884095416,0.0,0.023283069078313803,0
-0.1111179068684578,-0.013054778426377494,0.0,0.022058112130618975,0
-0.15545935928821564,0.0016339078890515793,0.0,0.021534487005566292,0
0.0256204754114151,0.013288250655568259,0.0,0.02107472819647451,0
0.20595885813236237,0.017582403640744124,0.0,0.019144096967440852,0
0.12332846224308014,0.015986409033360533,0.0,0.016035509622296714,0
0.18452507257461548,0.011999949937978508,0.0,0.012050007820958573,0
0.3480607271194458,0.008883266692623728,0.0,0.008946589168140685,0
0.31371814012527466,0.00923492305205277,0.0,0.0106215909500233,0
0.07765791565179825,0.013836242376881198,0.0,0.016371883785835532,0
-0.1305360496044159,0.02065079587588152,0.0,0.022145864787098367,0
-0.14623291790485382,0.026259425936016767,0.0,0.0264631882537287,0
0.05920225754380226,0.028460729493674515,0.0,0.02874432764111328,0
0.1288704127073288,0.027012736425301342,0.0,0.0291414069784584,0
0.02221480756998062,0.022884797470368742,0.0,0.02813584765895403,0
0.07003957778215408,0.01752602052856674,0.0,0.02590612860390218,0
0.1408480703830719,0.012102621192030668,0.0,0.023303114172497988,0
0.12602785229682922,0.007060527508800944,0.0,0.02007737020567093,0
0.04177751764655113,0.0025613886968189805,0.0,0.01651163248111176,0
0.19931530952453613,-0.0005725805698521805,0.0,0.011685917736169456,0
0.31781017780303955,-0.0009038965396279031,0.0,0.006351670807447146,0
0.12426688522100449,0.0018715161577472989,0.0,0.0026558720209056666,0
-0.06723126769065857,0.005904555246700782,0.0,0.005962719029010135,0
-0.05983108654618263,0.008687080104813024,0.0,0.008970113617449814,0
0.021034222096204758,0.009052565589235,0.0,0.010233170177697083,0
-0.03295121341943741,0.007365531407884518,0.0,0.00964293473224404,0
0.09720441699028015,0.0045662283638911606,0.0,0.007670281102980123,0
0.25583234429359436,0.0018820807774268223,0.0,0.004082029350224479,0
0.1987176239490509,0.0007102285632214814,0.0,0.0008784336705810844,0
0.05315582454204559,0.0018596200054842604,0.0,0.00588568891566395,0
-0.0466555692255497,0.005233967142794007,0.0,0.011169671988730654,0
-0.0774502381682396,0.010315187312398083,0.0,0.016706239764467466,0
0.038049258291721344,0.016618129142555997,0.0,0.022060893904251686,0
0.10894830524921417,0.02365760816001443,0.0,0.027552193950055322,0
0.0012540845200419426,0.030889920685220548,0.0,0.03289368737939128,0
0.11954065412282944,0.0378993437676135,0.0,0.03842500216524623,0
0.2757226526737213,0.04392946961979469,0.0,0.043966212221482205,0
0.18990658223628998,0.04731092398610085,0.0,0.048992171262172,0
0.16157659888267517,0.04614000171318641,0.0,0.05277554004047091,0
0.2416709065437317,0.039509902671747796,0.0,0.05434694912244869,0
0.2764013111591339,0.028657969489628038,0.0,0.053329751434280544,0
0.09220489859580994,0.017567617679343096,0.0,0.04955097756434646,0
0.12343890219926834,0.010984819995391052,0.0,0.04561395574606838,0
0.349368155002594,0.009636615443837974,0.0,0.04570842212092561,0
0.1400877684354782,0.007663833219845267,0.0,0.05311206858870181,0
-0.1553371548652649,-0.0024112014126734015,0.0,0.06444233432707354,0
-0.11648184061050415,-0.020994717309144286,0.0,0.07603315706749735,0
-0.2855891287326813,-0.042368348065089496,0.0,0.08836800810813786,0
-0.2023737132549286,-0.07003589162133904,0.0,0.11141714615965947,0
0.17908784747123718,-0.12586666588604933,0.0,0.15893443608234087,0
-0.13389845192432404,-0.22806547823137677,0.0,0.23879082154456763,0
-0.4926967918872833,-0.3451720460539075,0.0,0.3495677309502888,0
0.12474615126848221,-0.3762246229448927,0.0,0.48369832388333417,0
0.49776697158813477,-0.20837312861983862,0.0,0.6285260273103351,0
0.36094149947166443,0.17380607525363756,0.0,0.7670639880825233,0
0.43844473361968994,0.6304131181470726,0.0,0.8826004809172993,0
0.07836537063121796,0.9411601312743078,0.0,0.9636049114801253,0
0.1757529228925705,0.9527096205053994,1.0,1.0079507740773221,1
0.12763389945030212,0.6483277308507815,0.0,1.015678183546832,0
-0.41602015495300293,0.13827197958066917,0.0,0.980743132880798,0
-0.1719159334897995,-0.3609193198132602,0.0,0.8964929122881848,0
0.268903911113739,-0.6302798733902345,0.0,0.7671241228786888,0
0.4778140187263489,-0.610483398713361,0.0,0.6124584975980368,0
0.4997107684612274,-0.4215290231956847,0.0,0.45815043328500105,0
0.377602219581604,-0.22211344191207277,0.0,0.3250927732555013,0
0.3843492269515991,-0.09376499075332981,0.0,0.22495024467236557,0
0.5697383284568787,-0.03596110761201402,0.0,0.16126136685086173,0
0.3920190632343292,-0.012861816388262892,0.0,0.13208221505066006,0
-0.13749711215496063,0.00931772102687744,0.0,0.1265371241946857,0
-0.484433650970459,0.046117770923791934,0.0,0.13104011217567585,0
-0.7095409035682678,0.09204486773608156,0.0,0.13588229657905437,0
-0.8159326910972595,0.1266813103216215,0.0,0.1366057332305698,0
-0.5343540906906128,0.13056073232542814,0.0,0.1310343506741831,0
-0.174066960811615,0.10176085984141445,0.0,0.11925893704481937,0
0.1940029114484787,0.056730692856324094,0.0,0.10296681792782356,0
0.42741096019744873,0.015877735845880547,0.0,0.0844259241564845,0
0.381301611661911,-0.009889397274755742,0.0,0.06649587393280738,0
0.42151114344596863,-0.020928651239734277,0.0,0.050641484892046784,0
0.5950614809989929,-0.022594863864420514,0.0,0.03789008338664233,0
0.40821242332458496,-0.019968933595615992,0.0,0.027918621858067937,0
0.1433180719614029,-0.016079265597751233,0.0,0.02041761352470197,0
0.1274058073759079,-0.011969823603664331,0.0,0.014292256891914315,0
0.1508663296699524,-0.00761475036152645,0.0,0.008954643159285876,0
0.08372987061738968,-0.0028983565468203567,0.0,0.00414389553208128,0
0.04634982347488403,0.0018025257416692743,0.0,0.0036285230762158442,0
0.12750686705112457,0.005760798695626446,0.0,0.0075391788629191065,0
0.03483489528298378,0.008405968674376636,0.0,0.011508573141126995,0
-0.10883231461048126,0.009600290084774749,0.0,0.014665737569506072,0
-0.006532777100801468,0.009602818195679767,0.0,0.017229443056193863,0
0.10714451223611832,0.008702726462276952,0.0,0.019063897145616723,0
0.019770847633481026,0.007181796800430461,0.0,0.020427799232640657,0
0.03144717589020729,0.005579619985274585,0.0,0.021242281357231683,0
0.04808402433991432,0.0041049018251099936,0.0,0.022387534378635072,0
-0.011103200726211071,0.0019875184819479986,0.0,0.02383544378893839,0
0.07286939769983292,-0.0016137913442923046,0.0,0.02515812979982412,0
0.1396406888961792,-0.005996800650642404,0.0,0.024965285034908365,0
-0.013691935688257217,-0.009146854858500197,0.0,0.023278530395554515,0
-0.010630258359014988,-0.01022823839878875,0.0,0.020856516752957948,0
0.15213441848754883,-0.010417070502600243,0.0,0.019071029493946172,0
0.26821255683898926,-0.010489163016909182,0.0,0.01744212256865748,0
0.3243657648563385,-0.009941327911891222,0.0,0.01575119814824873,0
0.07575098425149918,-0.009016605653631469,0.0,0.014605553603510256,0
-0.08236902207136154,-0.009268533389090667,0.0,0.01520783416665648,0
-0.04994355887174606,-0.01159221291527972,0.0,0.01660807329049748,0
0.13101951777935028,-0.014949496885141871,0.0,0.017676474908135977,0
0.33046889305114746,-0.01740828171212913,0.0,0.017836288035843233,0
0.13100820779800415,-0.01703744049480514,0.0,0.017493469980435612,0
-0.08253273367881775,-0.012005072145664722,0.0,0.017385777530514707,0
-0.04680490121245384,-0.0021308764065345103,0.0,0.018514432727694353,0
0.09918505698442459,0.010228338450335358,0.0,0.021688045229001612,0
0.06281998753547668,0.02197901077970713,0.0,0.026170667511757888,0
0.043405164033174515,0.03083725716137488,0.0,0.03125340452631463,0
0.15860025584697723,0.035480272041118255,0.0,0.03610476543682049,0
0.21878178417682648,0.0356350973506944,0.0,0.04028839827537208,0
0.12353342771530151,0.03199706034375656,0.0,0.04380180237628932,0
0.023802513256669044,0.025508188785828678,0.0,0.04660742611022873,0
0.023358136415481567,0.016823888613389796,0.0,0.048882666602840553,0
0.05215318500995636,0.0066424655586891255,0.0,0.050268045941236586,0
0.1766401082277298,-0.004148003900466298,0.0,0.051050213477011816,0
0.2305113822221756,-0.015109055561421234,0.0,0.05114766152864003,0
0.14652863144874573,-0.025880303397312975,0.0,0.050318707125846115,0
-0.03137730807065964,-0.03404574287955834,0.0,0.046905349024813976,0
-0.012889599427580833,-0.035493330931952595,0.0,0.03998682288051712,0
0.16901320219039917,-0.02942971437425652,0.0,0.030279865425016584,0
0.23083887994289398,-0.02055089256882094,0.0,0.02068311264476136,0
0.07112334668636322,-0.013279835498372812,0.0,0.013370285896223025,0
-0.1153005063533783,-0.006443409162438604,0.0,0.006720865310463432,0
-0.19562873244285583,0.002278197317032548,0.0,0.00613644863578909,0
-0.2534581124782562,0.00854345894606253,0.0,0.019367473218334163,0
0.1380004584789276,0.004337601661808888,0.0,0.03347062447486738,0
0.5775890946388245,-0.011076635818118364,0.0,0.04445864453155837,0
0.35603323578834534,-0.029247991571883476,0.0,0.050325237813687085,0
0.01472714263945818,-0.04237713455277061,0.0,0.052278382961742635,0
0.011770091950893402,-0.04989896749487121,0.0,0.05285805805371311,0
0.26387086510658264,-0.054093648180320336,0.0,0.05414995877392382,0
0.08299174904823303,-0.05350916658473088,0.0,0.05592934036803902,0
-0.06985150277614594,-0.043556982358759225,0.0,0.056804142071026874,0
0.011379659175872803,-0.023261404668114126,0.0,0.05620166919212366,0
-0.03485402837395668,0.0013341613108974566,0.0,0.054964929213241115,0
0.07346605509519577,0.023834037443775487,0.0,0.05579623775360116,0
0.2803681194782257,0.044842973919038555,0.0,0.06122576779551823,0
0.17793452739715576,0.06733082692336313,0.0,0.07238017760223242,0
-0.0941581279039383,0.08757987762661178,0.0,0.08758404113026878,0
-0.027558526024222374,0.09603828436035874,0.0,0.10408795319685492,0
0.2535361647605896,0.0858175369517015,0.0,0.11942235196126329,0
0.22584021091461182,0.05806070248654417,0.0,0.13211492921577114,0
-0.15778662264347076,0.019652863734744876,0.0,0.14235758250926994,0
-0.05624701455235481,-0.02254165012566894,0.0,0.15075091665394175,0
0.2903820872306824,-0.0640573542068693,0.0,0.15790224389308985,0
0.3318617641925812,-0.10104993582294661,0.0,0.16309795963891538,0
0.28234416246414185,-0.12922117091643534,0.0,0.16572797491808192,0
-0.02838149107992649,-0.14645532768649133,0.0,0.1663969921508801,0
-0.2095266431570053,-0.15874740622930553,0.0,0.17138700296892953,0
-0.09625367820262909,-0.18658147758927296,0.0,0.19751597286110584,0
-0.02154473215341568,-0.25895907398586393,0.0,0.26515086387154024,0
-0.04519105702638626,-0.37632386935203843,0.0,0.3769255215906319,0
0.012185215950012207,-0.4639355310622901,0.0,0.5176809162256019,0
0.25106993317604065,-0.3912795343572844,0.0,0.6665841171777778,0
0.338234007358551,-0.07932936563036914,0.0,0.8040835204932467,0
0.5063162446022034,0.4003328428747832,0.0,0.9155517335277104,0
0.3635028898715973,0.8420647308980611,1.0,0.9929432670433468,0
0.08880210667848587,1.0368459607423273,0.0,1.0368467897798526,1
0.07621460407972336,0.8903182145841076,0.0,1.0516021583780553,0
-0.5613672137260437,0.44524557268078047,0.0,1.0360084945877046,0
-0.4819897711277008,-0.12592090189643107,0.0,0.9816647695065056,0
0.3184456527233124,-0.5699848241610105,0.0,0.883153131364814,0
0.3836863338947296,-0.712515879262895,0.0,0.7482865120869427,0
0.06572496891021729,-0.5814151768837419,0.0,0.5956342222583214,0
-0.0637536272406578,-0.33974774031812716,0.0,0.44580795437085263,0
0.04766516014933586,-0.13384407421345318,0.0,0.31413841191073144,0
0.3054269552230835,-0.019913799887721195,0.0,0.20861412830469173,0
0.38581550121307373,0.016706169518265607,0.0,0.13257823046773012,0
0.07602617889642715,0.015249105739137986,0.0,0.08626548173620416,0
-0.026271209120750427,0.006680672820338928,0.0,0.06567095388044669,0
0.12967020273208618,0.0038636368378941873,0.0,0.0594702581840652,0
0.19749759137630463,0.007850639931031852,0.0,0.057157541622272774,0
0.10871081054210663,0.015277513033689447,0.0,0.0537600593740814,0
-0.08304692804813385,0.02199856950570802,0.0,0.048568063897886225,0
-0.09153520315885544,0.0258418345436168,0.0,0.04245964062352788,0
-0.004207870457321405,0.027349249279457196,0.0,0.036842991766974094,0
0.11295007914304733,0.02738897255934844,0.0,0.03177168826008823,0
0.09115567058324814,0.025589656355846865,0.0,0.026829166275705526,0
0.0881512463092804,0.022036715333799813,0.0,0.022086928852420102,0
0.13520462810993195,0.018163245252615517,0.0,0.01842459972773919,0
0.11168348789215088,0.014704467775437302,0.0,0.01633560561208169,0
0.16495727002620697,0.010564450892804927,0.0,0.01546197069438091,0
0.14181475341320038,0.004556276031394501,0.0,0.015404505723658767,0
-0.06579678505659103,-0.002642996608715867,0.0,0.015665083184844254,0
-0.037219103425741196,-0.008970405121783081,0.0,0.01602727004674527,0
0.23624227941036224,-0.012962146019768193,0.0,0.016090708872157453,0
0.28163108229637146,-0.014858289227268725,0.0,0.01613592234310697,0
-0.038389965891838074,-0.016352624837169247,0.0,0.01690377994143303,0
-0.11825808882713318,-0.01911405985221785,0.0,0.019275253718812682,0
0.12673527002334595,-0.022658475654193096,0.0,0.022714442174435873,0
0.2993069589138031,-0.02415666541825424,0.0,0.025594837469122254,0
0.2261967658996582,-0.021453322112199674,0.0,0.02662295141261002,0
0.05341539904475212,-0.01560708931417893,0.0,0.025507272523105518,0
-0.023656116798520088,-0.009543959476160196,0.0,0.023125231325442842,0
-0.11736848205327988,-0.0051269641295222145,0.0,0.020519603003562908,0
0.025784246623516083,-0.002136314400148882,0.0,0.018658383092910204,0
0.38662049174308777,0.0006320765231671221,0.0,0.017380025184092568,0
0.309280127286911,0.0038439555355525884,0.0,0.016170433384124664,0
-0.012657811865210533,0.0069457948653521735,0.0,0.014232885894481545,0
-0.10637636482715607,0.008608859017278888,0.0,0.011481047070905897,0
0.0027875066734850407,0.007816154436352396,0.0,0.00810577429236832,0
0.243480384349823,0.004529139457923776,0.0,0.005079459126623634,0
0.0896352082490921,-0.0004895374679966928,0.0,0.004683036262717603,0
-0.12537270784378052,-0.005812702210388047,0.0,0.0070647641335687605,0
0.041647277772426605,-0.009524886158299484,0.0,0.009566225296803576,0
0.17451424896717072,-0.010577542844916198,0.0,0.01100997615511016,0
0.03280600532889366,-0.009688120241042325,0.0,0.011387674261779616,0
-0.023000618442893028,-0.008083961209733247,0.0,0.011182321181722112,0
0.11609510332345963,-0.0062855274724515344,0.0,0.010559636130513972,0
0.11951030790805817,-0.004334310847018356,0.0,0.009526371485765515,0
0.04571739584207535,-0.0024175931408238916,0.0,0.00765826243317273,0
0.13426609337329865,-0.0013634215816338807,0.0,0.00489918423965335,0
0.15655747056007385,-0.002347049359874984,0.0,0.002716401976487981,0
0.04116389900445938,-0.005605007490889308,0.0,0.0056796130719743,0
0.19089841842651367,-0.009921465015401022,0.0,0.009966205433092396,0
0.3757600784301758,-0.013580420524801072,0.0,0.013658776146002853,0
0.3972846269607544,-0.0154014591609097,0.0,0.01622772471260776,0
0.11327489465475082,-0.015264177104694741,0.0,0.017566187419951838,0
-0.12738701701164246,-0.013990262597848881,0.0,0.017898733379366816,0
-0.16027554869651794,-0.012376073207953702,0.0,0.017670782125446982,0
-0.000621920742560178,-0.01078543321349604,0.0,0.01676638153958641,0
0.23442503809928894,-0.01029068918064897,0.0,0.015586412106899586,0
0.00987036433070898,-0.012572335725388567,0.0,0.016391391942943662,0
-0.14444364607334137,-0.017074829327626512,0.0,0.021223509734103717,0
-0.04765720292925835,-0.02002776650741505,0.0,0.027821049235040824,0
0.054223235696554184,-0.017789068077879402,0.0,0.03335604399066923,0
0.06231091171503067,-0.010176774204154033,0.0,0.03620991862335311,0
-0.035505473613739014,-0.000255078121189379,0.0,0.036224280698645424,0
-0.035472895950078964,0.008352456658477971,0.0,0.03389090834796745,0
0.16895656287670135,0.013814754464797309,0.0,0.030445983960834366,0
0.2580738961696625,0.016766296827453998,0.0,0.027120061159542106,0
0.10691824555397034,0.01939436684581489,0.0,0.024970598190647543,0
-0.003419620683416724,0.022446800812236146,0.0,0.023592508239261647,0
0.023647718131542206,0.02144625269847171,0.0,0.02259715298960447,0
0.22882439196109772,0.008322461984394729,0.0,0.025198554817109836,0
0.6743110418319702,-0.01864706645164276,0.0,0.03559628216427895,0
0.6387529969215393,-0.04862641767735876,0.0,0.05144182022162944,0
0.3004092276096344,-0.0667024891779715,0.0,0.06828448108781932,0
0.1839318424463272,-0.06506520558426677,0.0,0.08377313595128774,0
0.17991796135902405,-0.04402193605059719,0.0,0.09724759341111396,0
-0.01913725957274437,-0.007742773169294245,0.0,0.10857514250274075,0
-0.26308491826057434,0.0378734503228518,0.0,0.11732417824870789,0
-0.5927770733833313,0.08247423137406311,0.0,0.12166305164112853,0
-0.8763722777366638,0.11076498104697757,0.0,0.11990878484485855,0
-0.502504289150238,0.11184734133110089,0.0,0.11199241903579388,0
0.04411705210804939,0.08753229696073855,0.0,0.09979216339646461,0
0.31869015097618103,0.049408429772893905,0.0,0.08588813566866337,0
0.4078836441040039,0.010896894565560396,0.0,0.0725882591233125,0
0.4590674340724945,-0.01878724381046701,0.0,0.0618244698655344,0
0.6042133569717407,-0.03692619732679655,0.0,0.054352953096990855,0
0.5796737670898438,-0.044918057589952876,0.0,0.04957140933221664,0
0.41110220551490784,-0.045045682219163594,0.0,0.045586443321856594,0
0.10009486973285675,-0.04310365839288611,0.0,0.04331017482476239,0
-0.2709806263446808,-0.05344496296023374,0.0,0.055358089566155476,0
-0.2051248997449875,-0.09472355984380476,0.0,0.09763921305540076,0
-0.0037986920215189457,-0.17258485779277138,0.0,0.17263689354448866,0
-0.028083784505724907,-0.25401460225851047,0.0,0.27885850952954133,0
-0.05059027671813965,-0.2560432965308868,0.0,0.40999247747980544,0
-0.09279123693704605,-0.09005758418516907,0.0,0.5522394161486167,0
0.08156374841928482,0.24736896733207925,0.0,0.6865356143771929,0
0.4972566068172455,0.6264855797828164,0.0,0.7934438427215394,0
0.26771777868270874,0.8541264791659667,1.0,0.8601996101663334,1
0.15262949466705322,0.8066780087415149,0.0,0.8837451316478298,0
-0.08086961507797241,0.49404371866149516,0.0,0.8657014544702697,0
-0.3696334660053253,0.04314981458527263,0.0,0.8055131634702652,0
0.17368948459625244,-0.34502730533558007,0.0,0.7034636060248197,0
0.496381938457489,-0.5037192521038685,0.0,0.5698897033032932,0
0.1935737580060959,-0.4241339393792237,0.0,0.42546442415680047,0
0.017792217433452606,-0.23620032449534611,0.0,0.29229941449468855,0
0.1638317108154297,-0.07351888640605186,0.0,0.18502583968562744,0
0.12738342583179474,0.01173109140745766,0.0,0.10839674730282503,0
0.01459222286939621,0.03519245881425529,0.0,0.060040763568246544,0
-0.016733508557081223,0.031229102140903395,0.0,0.03380032451727232,0
-0.27539166808128357,0.022462411283149103,0.0,0.022892730641608714,0
-0.14325271546840668,0.015741773905475643,0.0,0.02097362777683315,0
0.2905229926109314,0.009402663226010521,0.0,0.02299539169305238,0
0.23535019159317017,0.0009546241733850486,0.0,0.025859199383726352,0
0.07547887414693832,-0.00935008124133728,0.0,0.027771949772696553,0
-0.007464725058525801,-0.018919161018024037,0.0,0.027845685078443903,0
0.015082906000316143,-0.023496515376048466,0.0,0.025247601124535824,0
0.3316912055015564,-0.01981087014131225,0.0,0.01998055130991458,0
0.32374799251556396,-0.009972923442414888,0.0,0.013445146360963316,0
-0.00795469619333744,0.00027593837597141447,0.0,0.008382684273520027,0
-0.13921910524368286,0.007611967259663752,0.0,0.00833735248921284,0
0.09791866689920425,0.011562952667358607,0.0,0.012218200412296949,0
0.216627299785614,0.011317962158523568,0.0,0.016754703296243376,0
0.08452630788087845,0.006402318290396775,0.0,0.020268992251130425,0
-0.04081667214632034,-0.0010642195234241234,0.0,0.021788776005887064,0
-0.02452758513391018,-0.007563403025159416,0.0,0.021367436010935405,0
0.21884922683238983,-0.011207778071630524,0.0,0.019706857992549686,0
0.37574124336242676,-0.012548140643052005,0.0,0.017855228990210924,0
0.41078540682792664,-0.012824403911314078,0.0,0.01625379080322276,0
0.07570181041955948,-0.012691749559525341,0.0,0.014992215715120065,0
-0.30712276697158813,-0.012477664255524093,0.0,0.014033473185634802,0
-0.09608964622020721,-0.01228561209020788,0.0,0.013312764972063318,0
0.1545502245426178,-0.012041884927537105,0.0,0.012703653147942497,0
0.1734735518693924,-0.012174612015920832,0.0,0.012632769843732508,0
0.06225568428635597,-0.013231077996270477,0.0,0.013411373803513387,0
-0.09495166689157486,-0.014306885828899434,0.0,0.014326967680982206,0
0.05194665119051933,-0.013234898034246535,0.0,0.014246551813294046,0
0.178825244307518,-0.008971700417385757,0.0,0.012633163464242902,0
0.12038984149694443,-0.0029903401210607384,0.0,0.009766413969285447,0
-0.16939668357372284,0.0019233460974925761,0.0,0.006371179443975946,0
-0.17784026265144348,0.0037574591327263415,0.0,0.0039049278209456533,0
0.2796456813812256,0.0024798581008755906,0.0,0.004104930794014224,0
0.40570494532585144,-7.341114607572386e-05,0.0,0.00540485037271481,0
0.2833293080329895,-0.002020426773747193,0.0,0.006516342688945492,0
0.06539348512887955,-0.003578069724169049,0.0,0.008127663732591934,0
-0.14644572138786316,-0.0065277164568001735,0.0,0.010925761904383513,0
0.1058858186006546,-0.011456396232280928,0.0,0.014132188906879598,0
0.36208903789520264,-0.01594604878557163,0.0,0.0164110076591833,0
0.29474395513534546,-0.016263201203876334,0.0,0.016534103430501868,0
0.018575824797153473,-0.011984640057519296,0.0,0.014210046178796716,0
-0.19181908667087555,-0.007102339778645914,0.0,0.01050662045073141,0
-0.03446127101778984,-0.004962249856204441,0.0,0.007420400075292048,0
0.09993884712457657,-0.005031015546329809,0.0,0.006377945675762968,0
0.1254792958498001,-0.005682501499695142,0.0,0.006514677843016052,0
-0.024802273139357567,-0.006902005679064722,0.0,0.007480456704658273,0
-0.2129259705543518,-0.008860808175703554,0.0,0.009624689938549693,0
0.08728532493114471,-0.010246549102107576,0.0,0.012133907685103988,0
0.2811172306537628,-0.009839292356542595,0.0,0.01400518975879946,0
0.22054971754550934,-0.008102555393785384,0.0,0.015292673001302848,0
0.2532414495944977,-0.005755180769413222,0.0,0.016728287473722996,0
0.15189805626869202,-0.0019273841650317043,0.0,0.018744708896095665,0
0.02700434811413288,0.004474330403986843,0.0,0.020466940146194247,0
0.31440556049346924,0.011599786581099737,0.0,0.02069910449877563,0
0.3902459144592285,0.01563336231349272,0.0,0.01899294473593324,0
-0.1325274556875229,0.015507027463704129,0.0,0.016207951523091242,0
-0.28277838230133057,0.013768751893340939,0.0,0.013814785785566247,0
0.08037763833999634,0.012830198087343281,0.0,0.012873473893142463,0
0.023910395801067352,0.012480806630136282,0.0,0.013081567690621593,0
-0.037068165838718414,0.011046391327443285,0.0,0.013486015821163209,0
0.08022332936525345,0.007711221602524337,0.0,0.01371141333709975,0
0.061542998999357224,0.0028077863946468313,0.0,0.013906090401763571,0
-0.07198171317577362,-0.00319419679793353,0.0,0.01431714159462366,0
0.09749985486268997,-0.009437286484395596,0.0,0.01484477794483923,0
0.38496917486190796,-0.014139661057254135,0.0,0.015335276211252205,0
0.09278471767902374,-0.015554562752282654,0.0,0.015613623445354831,0
-0.14683489501476288,-0.013365017154737648,0.0,0.015675184803209098,0
0.1070353090763092,-0.008615113924308093,0.0,0.015648203478902785,0
0.4124605059623718,-0.002494252921396443,0.0,0.015577017850285202,0
0.27009350061416626,0.003984704714829752,0.0,0.015368050030583552,0
-0.010776963084936142,0.009406995226756466,0.0,0.014772996531134027,0
-0.12344842404127121,0.01243067845250287,0.0,0.013838568125228577,0
0.055158551782369614,0.012772024799713866,0.0,0.012776859713888178,0
0.3611795902252197,0.010729558150870261,0.0,0.011726953044651042,0
0.2663579285144806,0.006776011374491246,0.0,0.010629119235865911,0
-0.1457400768995285,0.0022880717133696264,0.0,0.009543512102276061,0
-0.21303312480449677,-0.00133565679204654,0.0,0.00894042800671495,0
0.1275586038827896,-0.004406453537646122,0.0,0.009246483996636544,0
0.23984944820404053,-0.007799261477995966,0.0,0.010385797680254053,0
0.24102683365345,-0.01100829927969765,0.0,0.011779945492858586,0
0.02386791817843914,-0.013224727912232214,0.0,0.013238011622631945,0
-0.16481329500675201,-0.014705687643832338,0.0,0.01512476923411347,0
0.1600036323070526,-0.015312142151891939,0.0,0.017645965315864473,0
0.2822355031967163,-0.013495157485995557,0.0,0.020146538092599937,0
0.08645165711641312,-0.008554103519646415,0.0,0.02153028704186748,0
-0.021293271332979202,-0.00263093665545637,0.0,0.0213597094785496,0
-0.04936754330992699,0.0014376403698149079,0.0,0.020400449878469958,0
-0.015148317441344261,0.0035020469108955057,0.0,0.02034911620872793,0
-0.08689545094966888,0.005595245919436825,0.0,0.02210266840898941,0
0.03606950864195824,0.009317162248561604,0.0,0.025438584833910795,0
0.39654842019081116,0.015586144485325889,0.0,0.030081283606252826,0
0.21949443221092224,0.025013559690604557,0.0,0.03575044332777772,0
0.15175487101078033,0.03625393376215117,0.0,0.041417779629464344,0
0.3099289834499359,0.045063844970857976,0.0,0.045725140534767894,0
0.032923586666584015,0.04694842251589397,1.0,0.04776070174231304,0
0.039083532989025116,0.04071889963818858,0.0,0.04758777139741846,0
-0.10166575759649277,0.02799884779366222,0.0,0.04565513244756582,0
-0.27619844675064087,0.01136119489280601,0.0,0.04169838652776128,0
0.20119436085224152,-0.004101530507810787,0.0,0.0351763138643485,0
0.3869292438030243,-0.012132351663333141,0.0,0.026718063305120204,0
0.27277207374572754,-0.012132999548643969,0.0,0.018758559590446273,0
0.16436481475830078,-0.009810902928419477,0.0,0.014023470800563364,0
-0.14235158264636993,-0.009378850848758266,0.0,0.01238610129331542,0
-0.015528841875493526,-0.009826219181701328,0.0,0.011156383658111122,0
0.20486696064472198,-0.0090923712376294,0.0,0.009306603814620541,0
-0.0592382438480854,-0.007363802581576186,0.0,0.007379412237928986,0
-0.2645055651664734,-0.0054086937227371045,0.0,0.005804690595168177,0
-0.032955002039670944,-0.003222073370389098,0.0,0.004406187931613448,0
0.35100412368774414,-0.0012657302844017119,0.0,0.0031191478752938795,0
0.2219270020723343,-0.00018434568352860919,0.0,0.0022463153521970476,0
-0.0503787063062191,0.0003785454949646371,0.0,0.0018118720735466058,0
-0.004247271455824375,0.0005942261803596837,0.0,0.0013651901457706489,0
0.20868702232837677,-8.522361192872063e-05,0.0,0.0009030733173185977,0
0.36829715967178345,-0.0014070299506182395,0.0,0.0023953992006331215,0
0.4388301968574524,-0.0019551377293004183,0.0,0.005281140908472419,0
0.22153043746948242,1.6616577076737312e-05,0.0,0.009086827603990702,0
-0.14620795845985413,0.005485046116702936,0.0,0.013363615281654301,0
-0.11074692010879517,0.013055410254593473,0.0,0.017324612923503496,0
0.098129041492939,0.019204548254816576,0.0,0.02013515178364098,0
0.23810666799545288,0.021487256671227428,0.0,0.021529838429898553,0
0.2302730232477188,0.020335569415481595,0.0,0.02188472461978815,0
-0.06194150820374489,0.017230459321525112,0.0,0.02165122700152983,0
-0.024350875988602638,0.01319408319705964,0.0,0.020947933799660066,0
0.23269811272621155,0.009126320144983739,0.0,0.01975300654666232,0
-0.013981473632156849,0.0060778927687339815,0.0,0.018304641893710585,0
-0.4119972884654999,0.004764469654423564,0.0,0.017427705718036403,0
-0.16020773351192474,0.004560953647047857,0.0,0.018222037286680412,0
0.040654003620147705,0.003691278700046314,0.0,0.020670582815062694,0
0.15916559100151062,0.0007952314513701092,0.0,0.023841498457026926,0
0.12333901971578598,-0.004415438978344157,0.0,0.026984236324124434,0
-0.18034149706363678,-0.011402285754278773,0.0,0.029627307193956832,0
-0.16342376172542572,-0.018764026189495357,0.0,0.03127440604750346,0
0.1467372179031372,-0.024448234842754612,0.0,0.03153261334851051,0
0.3876139521598816,-0.027180732388653234,0.0,0.030621002797208325,0
0.38916832208633423,-0.028244936944524485,0.0,0.029949593687094354,0
0.16855302453041077,-0.030399141314881185,0.0,0.03126215949951861,0
0.2928756773471832,-0.034604331663405014,0.0,0.034804705946199575,0
0.6271196603775024,-0.03988255337246919,0.0,0.03996446830688437,0
0.655265748500824,-0.04484116281375856,0.0,0.04664145605734328,0
0.7168208956718445,-0.04668887740289305,0.0,0.05448817393789433,0
0.5956987142562866,-0.041476794071173835,0.0,0.06251632925652958,0
-0.1742192953824997,-0.027012044478624243,0.0,0.06996616353348944,0
-0.7627660632133484,-0.003926839775092175,0.0,0.07662131310466527,0
-0.519083559513092,0.02499857009983536,0.0,0.0822737965393299,0
-0.4023893475532532,0.05452582488039343,0.0,0.08632445476820295,0
-0.7192651033401489,0.07723210543324169,0.0,0.08802775676907328,0
-0.5906193852424622,0.08637923071775915,0.0,0.08687583644621297,0
-0.167902410030365,0.07919187655027661,0.0,0.08260789307058473,0
0.259344220161438,0.05852011722795004,0.0,0.07517815898263812,0
0.5713973045349121,0.03249993794794815,0.0,0.06516575085574713,0
0.3427305519580841,0.010283510795366227,0.0,0.054082318415602425,0
0.2539173662662506,-0.0038547131090236413,0.0,0.04372186993212282,0
0.5193293690681458,-0.010956799745684911,0.0,0.034961714334333475,0
0.5177769660949707,-0.013259263922287677,0.0,0.027740039967677207,0
0.25577518343925476,-0.01271361020578852,0.0,0.022285877590125826,0
0.11097221821546555,-0.011830620675422298,0.0,0.019322317145935013,0
0.02863621897995472,-0.012569050832842692,0.0,0.01850672454984007,0
0.05473721772432327,-0.014725248175721021,0.0,0.018274228177272357,0
0.17063292860984802,-0.01634263559321223,0.0,0.017349946069672315,0
0.2704997658729553,-0.015283529518795698,0.0,0.015293433878042318,0
0.05713925138115883,-0.01079346823464218,0.0,0.012361828899990815,0
-0.29463377594947815,-0.004087066968289499,0.0,0.009432633644226663,0
-0.07976357638835907,0.0027189349265421634,0.0,0.007938627859589941,0
0.2065606415271759,0.008133837230288607,0.0,0.008894159894071151,0
0.12485311180353165,0.011334721591953652,0.0,0.011570674053318623,0
-0.16311779618263245,0.011329254544879081,0.0,0.014724748745554858,0
-0.060888901352882385,0.007511115607066659,0.0,0.017396643155967628,0
0.022555949166417122,0.0009739686654597364,0.0,0.018940970282554634,0
0.002390346024185419,-0.005765729910618795,0.0,0.019239009959354632,0
0.40684282779693604,-0.011038096667836325,0.0,0.018863585203469452,0
0.36855024099349976,-0.014889471224279182,0.0,0.018315818724253138,0
-0.06270521134138107,-0.016819047453327598,0.0,0.017364199393082463,0
-0.18736521899700165,-0.01553148232274136,0.0,0.015774543222598025,0
-0.13362188637256622,-0.011245028281110844,0.0,0.014171954696945387,0
0.07103962451219559,-0.005210543038579003,0.0,0.01375252367963584,0
0.2597406506538391,0.002434692875749429,0.0,0.015601547887586387,0
0.2700519859790802,0.012551499635945922,0.0,0.020178560185229528,0
0.14832302927970886,0.024503542795506046,0.0,0.026972750592725213,0
0.02642517350614071,0.03482137282011987,0.0,0.03482308150212302,0
0.25105902552604675,0.03984644119328253,0.0,0.04262469095349788,0
0.33755239844322205,0.038521627169788165,0.0,0.04986098258591918,0
0.24250781536102295,0.03197876403370694,0.0,0.056521014031146496,0
-0.07254050672054291,0.02210362767413778,0.0,0.06295043275300223,0
-0.20896629989147186,0.010263529989098664,0.0,0.06995605434192373,0
0.1655382513999939,-0.0037257859945484806,0.0,0.07841427575711006,0
0.3455987572669983,-0.021288716053185112,0.0,0.08870736775181846,0
0.0737505704164505,-0.04338385324265085,0.0,0.10026289358223053,0
-0.273286908864975,-0.06867031387211636,0.0,0.11174571576700952,0
-0.25847509503364563,-0.09304581189480154,0.0,0.12154638962283561,0
0.04222993925213814,-0.11225022165094559,0.0,0.12930194937041553,0
0.11433964967727661,-0.1276908120338872,0.0,0.13877064365731534,0
0.1052151471376419,-0.1526603942539744,0.0,0.16229829033607923,0
0.09425809979438782,-0.21208879831993466,0.0,0.21911849429084426,0
-0.07249439507722855,-0.31936772878190206,0.0,0.3194456142627539,0
-0.03330047428607941,-0.42904529491837645,0.0,0.4561737471439425,0
0.413095086812973,-0.42378575287163517,0.0,0.6116250599104679,0
0.4117916524410248,-0.19276907101559698,0.0,0.7646765338892197,0
0.25117188692092896,0.24983606921702375,0.0,0.8954770610460819,0
0.321109801530838,0.7309263203403997,0.0,0.9905048260037178,0
0.10727166384458542,1.027377399991687,1.0,1.0471599496706385,1
0.4114263951778412,1.0064756269172812,0.0,1.071081567993885,0
1.1183448805240914e-05,0.6631687649644379,0.0,1.0640361111743357,0
-0.6566894054412842,0.11548060746789113,0.0,1.0174872552645133,0
-0.37776485085487366,-0.40151494984036157,0.0,0.9229610164323095,0
0.08251392096281052,-0.6623205900931222,0.0,0.7857588647305133,0
0.5429942607879639,-0.6253831993593262,0.0,0.6260702269118938,0
0.3626784384250641,-0.42727988569347386,0.0,0.4685794813869732,0
-0.12913112342357635,-0.22639358002478793,0.0,0.33217833004867836,0
-0.1062837541103363,-0.0981138818396055,0.0,0.22655646499701174,0
0.12369540333747864,-0.04083141750106859,0.0,0.15408087074244664,0
0.3508508503437042,-0.0234063213227266,0.0,0.11209947388556703,0
0.2296440452337265,-0.018445446354916798,0.0,0.0926475101285226,0
-0.2004755139350891,-0.012003537507885586,0.0,0.08421332592923171,0
-0.17759451270103455,-0.0014858997361130557,0.0,0.07775571291436886,0
0.20368008315563202,0.009684461569146024,0.0,0.06987826484161407,0
0.35134509205818176,0.017912072157317556,0.0,0.06061104380719324,0
0.19675981998443604,0.02176628000513623,0.0,0.050904990805417355,0
-0.12976039946079254,0.02158813844346631,0.0,0.041845170029177946,0
-0.16695636510849,0.019324637339013562,0.0,0.034877275742435716,0
0.19070936739444733,0.017560261886285775,0.0,0.03071862400871177,0
0.386337012052536,0.0176248808232869,0.0,0.02831926720784222,0
0.08818954974412918,0.018227418369375043,0.0,0.025346424151752894,0
-0.16851122677326202,0.01671807139325606,0.0,0.020598945231775592,0
-0.07346337288618088,0.012841532723060264,0.0,0.01523826657011055,0
0.1784035712480545,0.009344835949523997,0.0,0.011693396013233121,0
0.32733023166656494,0.0074155116266141855,0.0,0.009500295717273637,0
0.2524120807647705,0.004494924043758768,0.0,0.005797537761879249,0
-0.11156371980905533,-0.0013064720129800714,0.0,0.0033175998737710885,0
0.0022505426313728094,-0.007248516632172903,0.0,0.010423252489772564,0
0.2733456790447235,-0.008330659095887713,0.0,0.01790162919323193,0
0.13624274730682373,-0.0025532585258333986,0.0,0.022916570912876476,0
0.08244732767343521,0.006531060089937519,0.0,0.024018576074975834,0
-0.12066193670034409,0.012409171803037805,0.0,0.021002093687958894,0
-0.11493920534849167,0.011553137787604164,0.0,0.015080673646001611,0
0.17400993406772614,0.0066633983018759176,0.0,0.009666422441320497,0
0.3263337314128876,0.003388065612588156,0.0,0.009829351559568074,0
0.06492932885885239,0.00436380564640446,0.0,0.01298928576410758,0
-0.12736843526363373,0.007452707842493238,0.0,0.014568007245772148,0
0.17335501313209534,0.00970728432103063,0.0,0.0143556112413405,0
0.25290587544441223,0.010916050998144506,0.0,0.013571583406088349,0
0.11692008376121521,0.011761505253385542,0.0,0.012673774832396262,0
-0.007484989240765572,0.010847115881591403,0.0,0.010849704271983953,0
-0.10662617534399033,0.006253580249070752,0.0,0.007941559662444388,0
0.14578384160995483,-0.0011379538195233543,0.0,0.0061717794139415855,0
0.3385047912597656,-0.007993933632021418,0.0,0.008391528153049449,0
0.042324405163526535,-0.011574227580669111,0.0,0.012198243355767148,0
-0.058723144233226776,-0.011341533362519864,0.0,0.0154788419932833,0
0.15349306166172028,-0.008370490068963154,0.0,0.017651266817402485,0
0.0408034473657608,-0.004303334827184126,0.0,0.018725240029155425,0
0.0014946517767384648,-0.0006418817938057855,0.0,0.019025847044206203,0
0.1822901964187622,0.0022338267415491306,0.0,0.01944512705478142,0
0.23208141326904297,0.005412904915961348,0.0,0.02036854832281243,0
-0.007904954254627228,0.00952212312526197,0.0,0.021055032476795226,0
-0.21672587096691132,0.013085678153585387,0.0,0.020338754114617025,0
0.019946683198213577,0.01430277197103789,0.0,0.018158497408979565,0
0.17927807569503784,0.013361926782740636,0.0,0.015337348766750438,0
0.14640232920646667,0.011522125222618659,0.0,0.01265077029705589,0
0.17020177841186523,0.009229684676199081,0.0,0.010068260279454188,0
0.23067829012870789,0.006897208312192886,0.0,0.008230629875558266,0
0.37274467945098877,0.006079574186511202,0.0,0.008904138205307228,0
0.14492371678352356,0.007772296398281099,0.0,0.011289352006561896,0
-0.21660710871219635,0.010620363808108827,0.0,0.01297302161959564,0
-0.07540610432624817,0.012328361690514688,0.0,0.013107877415118534,0
0.1587638258934021,0.011796003822081406,0.0,0.011813404020570987,0
0.021701838821172714,0.00903427224511624,0.0,0.009368660022188056,0
-0.01371823064982891,0.004639873226967272,0.0,0.005891953497816268,0
0.10039567947387695,0.0003279614986513963,0.0,0.0018195643489024385,0
0.07004596292972565,-0.0016827543917919219,0.0,0.002668859641821395,0
0.05088186636567116,-0.000981941393042755,0.0,0.0056508765911130075,0
0.20081114768981934,0.0006526978272664145,0.0,0.0074008236703527195,0
0.41605010628700256,0.0020465010147958443,0.0,0.008783089817830898,0
0.16431128978729248,0.003972757053994453,0.0,0.010393842049723772,0
-0.06935754418373108,0.006728989459926212,0.0,0.01159853377483587,0
0.036812227219343185,0.008685119029560248,0.0,0.011382388955226065,0
-0.019051410257816315,0.008487437722412877,0.0,0.00980068403380065,0
0.0767860934138298,0.006797823167132237,0.0,0.007796190062007379,0
0.20195303857326508,0.005148009299918554,0.0,0.006880683897011805,0
-0.10650597512722015,0.004440746191179261,0.0,0.007889296507968189,0
-0.20054177939891815,0.005157857736026136,0.0,0.010648296429931554,0
0.16949938237667084,0.007958429701835912,0.0,0.014541788706484529,0
0.19003894925117493,0.012983755413810055,0.0,0.018944206462479303,0
0.02077547088265419,0.01941207187437613,0.0,0.02329909959845406,0
0.12189463526010513,0.025956202455401714,0.0,0.027423665603794535,0
0.2537173926830292,0.030892255742128272,0.0,0.03093245879536479,0
0.10339639335870743,0.03252545808322703,0.0,0.03339609942848297,0
0.17611324787139893,0.030564957517273072,0.0,0.03466972549729703,0
0.2088892012834549,0.02665882119979846,0.0,0.03517623832727853,0
0.07174503058195114,0.023277077307345732,0.0,0.03626460222995608,0
0.0500393882393837,0.02139494401682665,0.0,0.0397706576181194,0
0.020291948691010475,0.01863367708934417,0.0,0.046677456896826196,0
0.10600243508815765,0.010778995422171542,0.0,0.05553040386349912,0
0.15547773241996765,-0.0032800500140436886,0.0,0.06408443096904629,0
0.1850721538066864,-0.02006881032351411,0.0,0.0714785471457484,0
0.09394436329603195,-0.03679935962404348,0.0,0.07938134107948437,0
0.053952984511852264,-0.0543205828290582,0.0,0.08992553955389579,0
0.0876845195889473,-0.07486066819319036,0.0,0.1056115135460394,0
-0.013877718709409237,-0.10520621525246972,0.0,0.13304925214252417,0
-0.0857374295592308,-0.16258009204892668,0.0,0.18410412827539702,0
-0.23369453847408295,-0.2609986265388249,0.0,0.2668242802013826,0
-0.2460884004831314,-0.37314509345518326,0.0,0.37909255509216483,0
0.12388674169778824,-0.4093596289025766,0.0,0.5104899828405248,0
0.2788146734237671,-0.26370430463729105,0.0,0.6464260314449228,0
0.29111605882644653,0.09106177714996833,0.0,0.7712940347305015,0
0.3753383159637451,0.5419231614802383,0.0,0.8705082038316717,0
0.027654653415083885,0.8808410258847226,0.0,0.9345739066682353,0
0.017171652987599373,0.9401151734146006,1.0,0.9621922972503137,1
0.04968096688389778,0.6897474625066538,0.0,0.9574423335501855,0
-0.5463226437568665,0.23034293911718337,0.0,0.9215927964223739,0
-0.1642703115940094,-0.25020131204222984,0.0,0.8511556508484815,0
0.8140630125999451,-0.5545721538721408,0.0,0.7466412327858963,0
1.0,-0.603457530763313,0.0,0.6194619043698089,0
0.6084056496620178,-0.4778427313603712,0.0,0.4895370006024535,0
0.42381757497787476,-0.3150807197976706,0.0,0.37700366748539654,0
0.35349369049072266,-0.19617909441990508,0.0,0.29599306922538565,0
-0.04328791797161102,-0.1260231034646849,0.0,0.2505131165725002,0
-0.297832727432251,-0.07397056732440785,0.0,0.23150940555857108,0
-0.5770259499549866,-0.014985539592758657,0.0,0.2229339977295018,0
-1.0,0.05180388394867585,0.0,0.21160081067717984,0
-0.9323862195014954,0.10746154699438085,0.0,0.1917389398607713,0
-0.199265256524086,0.13304009384201507,0.0,0.16367048869975376,0
0.24764831364154816,0.12631444624455593,0.0,0.131605612891136,0
0.4812827706336975,0.10028450720085835,0.0,0.1003073501309965,0
0.5348231792449951,0.0697783123382043,0.0,0.07279263555832667,0
0.5093164443969727,0.043531209103340476,0.0,0.049980639068519225,0
0.6346274614334106,0.024768744836990122,0.0,0.03181219585751271,0
0.4573805630207062,0.013255323165329755,0.0,0.017788214149855958,0
0.045157503336668015,0.00821799733564421,0.0,0.008659056731041767,0
-0.20478321611881256,0.009282164617845907,0.0,0.010251972123750673,0
0.04230982065200806,0.013485120927669788,0.0,0.014762345152320012,0
0.18172293901443481,0.015393058371962145,0.0,0.015543642758665597,0
0.06505044549703598,0.011864175654389358,0.0,0.012133169646346713,0
0.12681260704994202,0.00483668485696361,0.0,0.005982746714156826,0
0.12149780988693237,-0.0015941028063137022,0.0,0.0015942008977769867,0
0.07394109666347504,-0.005639314480460727,0.0,0.00810738634932566,0
0.1172197014093399,-0.007311119882442386,0.0,0.015094359690943656,0
-0.010232385247945786,-0.00552589335442472,0.0,0.022324687301791945,0
0.02866603247821331,0.0008374293477821798,0.0,0.02892039833500653,0
0.10706539452075958,0.010297971005710177,0.0,0.033565440196685205,0
-0.07622960954904556,0.019582896798922066,0.0,0.035959065828611574,0
-0.12049341201782227,0.026431603974637376,0.0,0.03647976136003641,0
0.05636096000671387,0.03073965346675942,0.0,0.036154848642107024,0
0.09618614614009857,0.03331489828475121,0.0,0.035500357874312764,0
0.09761817008256912,0.033895374680783526,0.0,0.034205779374552166,0
0.12037096172571182,0.03128097864292923,0.0,0.03145154417227594,0
0.1285986304283142,0.02554985163693009,0.0,0.02711566274247284,0
0.22187475860118866,0.018503474927981645,0.0,0.021873640856859458,0
0.1080048605799675,0.011948169208342428,0.0,0.01637762587947012,0
-0.2028093785047531,0.006826412947914502,0.0,0.011086366498954796,0
0.04811268672347069,0.0035539944148900776,0.0,0.006138907188124408,0
0.26543161273002625,0.002306079720737232,0.0,0.0025369064979564675,0
0.14118783175945282,0.0027225732497096118,0.0,0.0035321684797785494,0
0.1491013765335083,0.003887761747486678,0.0,0.0058761382851890065,0
0.22134539484977722,0.0053273811081881875,0.0,0.007956547195507542,0
0.12061839550733566,0.007170420233863758,0.0,0.00977413095587003,0
0.012574134394526482,0.009142684174560708,0.0,0.01112958627218171,0
0.015046552754938602,0.010658181965010224,0.0,0.011711313560773488,0
0.1192019134759903,0.011148480862765051,0.0,0.011403378805693717,0
0.14069363474845886,0.009627304660498447,0.0,0.009645403422002062,0
-0.002203042386099696,0.0058003187447376045,0.0,0.006167762383473941,0
0.05943554267287254,0.0014965162962951662,0.0,0.0016709039417652633,0
0.190885990858078,-0.0010671462775327623,0.0,0.002916227365467617,0
0.15631243586540222,-0.001755194015305281,0.0,0.006389138627712885,0
0.07361927628517151,-0.0018493042266214278,0.0,0.009296676183629107,0
-0.07796071469783783,-0.0018513703057027352,0.0,0.012418260469598964,0
-0.05124500393867493,-0.0010641212253223809,0.0,0.016322964592619452,0
0.055231694132089615,0.0012963498555413708,0.0,0.020570967378508994,0
0.17008160054683685,0.005441192142914298,0.0,0.024824131243635014,0
0.14001251757144928,0.010875819685101498,0.0,0.028453870180915494,0
0.0368056483566761,0.016524989856844682,0.0,0.031326387357460725,0
0.01090081874281168,0.02157522925856398,0.0,0.033604457237819456,0
0.08292362093925476,0.026445616738112444,0.0,0.03634100734955405,0
0.08038878440856934,0.03254510605732826,0.0,0.04029388700548732,0
0.2187747359275818,0.0404215585986254,0.0,0.04530897642897487,0
0.35657086968421936,0.04836043102583441,0.0,0.05007498881634791,0
0.15819792449474335,0.05360780920784681,0.0,0.05363177910517073,0
0.0020720316097140312,0.05442984276665936,0.0,0.05575805142779691,0
0.042238835245370865,0.050295918501676404,0.0,0.05667055409279135,0
-0.024815695360302925,0.04098749596255105,0.0,0.05651714034541564,0
-0.10587780922651291,0.026653839018712037,0.0,0.05504894698815276,0
0.19906321167945862,0.008686866499975156,0.0,0.05222707117345637,0
0.23440466821193695,-0.009839345018884983,0.0,0.047981584346298255,0
-0.02142743207514286,-0.02490007361597777,0.0,0.042994903643638,0
-0.009360488504171371,-0.03349028520835863,0.0,0.038171925964022205,0
-0.00044845507363788784,-0.03481784463898798,0.0,0.03481923357314649,0
0.06053388491272926,-0.029476519382029023,0.0,0.033759890533946825,0
0.16434061527252197,-0.018669972572328365,0.0,0.03520528389873466,0
0.09756375849246979,-0.003911265078835771,0.0,0.03899619499125324,0
0.06104942783713341,0.013530710965161095,0.0,0.04452246569937237,0
0.1542120724916458,0.032485500581359364,0.0,0.05148336196688599,0
0.18358252942562103,0.051132193796839434,0.0,0.05926092998789565,0
0.14970393478870392,0.06610688443014422,0.0,0.06715160364314632,0
0.1124730184674263,0.07270047474167446,0.0,0.07384173284372951,0
0.06473200768232346,0.06827059467631315,0.0,0.07840757611198398,0
0.04284699633717537,0.05512954315863388,0.0,0.08128469571221082,0
0.06603965908288956,0.0376972210311599,0.0,0.08392430256886167,0
0.24651573598384857,0.017818002739651208,0.0,0.08789286368215138,0
0.16603311896324158,-0.0052426556461416165,0.0,0.0930576657782273,0
-0.0021376139484345913,-0.03083572602488627,0.0,0.09821291780027991,0
-0.1782979667186737,-0.05460443506700353,0.0,0.10166594918630253,0
-0.04936809092760086,-0.07182399902473857,0.0,0.10406970269678249,0
0.1440906822681427,-0.08477150108784114,0.0,0.11083989585844707,0
0.06094495952129364,-0.10789035918455214,0.0,0.1346287773718874,0
0.05236409604549408,-0.1647868255774272,0.0,0.18864088352154904,0
0.11928743124008179,-0.2698024824349964,0.0,0.27759528156012026,0
0.04254777356982231,-0.3923150115818433,0.0,0.3966877440478063,0
0.007960985414683819,-0.4387842733929688,0.0,0.5346010775306737,0
0.1544989049434662,-0.3004795494194571,0.0,0.6766828563869101,0
0.2711750566959381,0.054357271379576036,0.0,0.8072161662631698,0
0.5361061096191406,0.521046236922833,0.0,0.9115435366843161,0
0.4249882996082306,0.8955516381102371,0.0,0.9792760455226925,0
0.11012053489685059,1.0009090710006827,1.0,1.0092570034072472,1
-0.007809289265424013,0.7847682555493738,0.0,1.005949991882336,0
-0.4996868073940277,0.32168613503313226,0.0,0.9699365387391189,0
-0.48528560996055603,-0.20611251015602144,0.0,0.896573963062223,0
0.03267215937376022,-0.568136951164835,0.0,0.7855398484560405,0
0.2641538679599762,-0.6365935364997898,0.0,0.648726219366912,0
0.14301806688308716,-0.47472567136127175,0.0,0.5054699255375118,0
0.10597947984933853,-0.24570889507092675,0.0,0.3738040668334688,0
0.357753187417984,-0.0714305502567282,0.0,0.2651678027500417,0
0.2770496904850006,0.0174325107093882,0.0,0.1836658250892981,0
0.05920983850955963,0.047035190670120394,0.0,0.1281822738890742,0
-0.002949109999462962,0.05112289383225503,0.0,0.09320989300477064,0
0.16677343845367432,0.04855422410635246,0.0,0.07198904829755709,0
0.17711474001407623,0.04525843506856367,0.0,0.058329264161256854,0
-0.023709604516625404,0.04146074527391285,0.0,0.048279465799588146,0
-0.052398860454559326,0.03649185840274039,0.0,0.03982763287170718,0
0.05067703500390053,0.03135673993217278,0.0,0.03323961326365111,0
0.08475843816995621,0.02769686868257216,0.0,0.029035557297765337,0
-0.06134909391403198,0.025843810239298656,0.0,0.026920025985772107,0
0.08355577290058136,0.025454072765573255,0.0,0.0261928939170917,0
0.20498855412006378,0.0258911899962355,0.0,0.02616219456460702,0
0.08795467764139175,0.025347293807690848,0.0,0.025351061524947312,0
0.1175566017627716,0.02213389165538192,0.0,0.0225960590667023,0
0.20785099267959595,0.0168610625505365,0.0,0.01798386492801883,0
0.10079289227724075,0.012059340179406745,0.0,0.012822102487972888,0
0.18209552764892578,0.010069974990106544,0.0,0.010079511549409129,0
0.16537684202194214,0.011378403516195448,0.0,0.011808287619482181,0
-0.02691659890115261,0.014517770630499058,0.0,0.015141417572488523,0
0.07335975021123886,0.01747461089568726,0.0,0.017732375496192457,0
0.21985967457294464,0.018906241406872457,0.0,0.018906349159009864,0
0.13865676522254944,0.018148581701876845,0.0,0.018465908468989947,0
-0.07093758881092072,0.015452829191523399,0.0,0.016435443809467973,0
-0.0023726799990981817,0.01251741999835571,0.0,0.013634530798271264,0
0.017731329426169395,0.011093512488174013,0.0,0.011831650442293758,0
0.052000485360622406,0.010923650641818931,0.0,0.011436772792489867,0
0.07056937366724014,0.010238654537422936,0.0,0.010926380308718705,0
-0.12528203427791595,0.008153008832420844,0.0,0.008894728260684662,0
-0.04456058517098427,0.005892403327817196,0.0,0.006040769895027713,0
0.13580626249313354,0.005456620870816364,0.0,0.006113972869470664,0
0.178910031914711,0.007707036532788973,0.0,0.010233233857365267,0
0.11665743589401245,0.012115221059486926,0.0,0.015217285453442144,0
0.04594160243868828,0.01740541842787086,0.0,0.01960858525466901,0
0.123994842171669,0.022097965265798384,0.0,0.023020534700974715,0
0.13669033348560333,0.02506677354161233,0.0,0.025146491290602268,0
0.29947522282600403,0.0258217544387167,0.0,0.025983538593003633,0
0.4097711741924286,0.02458593144057633,0.0,0.02562999360114808,0
0.12108126282691956,0.022433064253950256,0.0,0.024534620676521967,0
0.09916473180055618,0.02071624632995384,0.0,0.02375428640670334,0
0.07176593691110611,0.019686100451484577,0.0,0.02382817521676436,0
0.0023037779610604048,0.01806807608038984,0.0,0.02437413854631739,0
0.08076312392950058,0.014564740398264109,0.0,0.024069755663806657,0
0.03160807490348816,0.00947293686035652,0.0,0.02250195251528131,0
0.019022857770323753,0.004239993942580983,0.0,0.019676542142586944,0
0.05739271268248558,-0.00012490410057566575,0.0,0.016377414044410874,0
0.07817412167787552,-0.003361154930065489,0.0,0.012551279188229764,0
0.03114297427237034,-0.005087451185649105,0.0,0.008442027852410878,0
-0.07135876268148422,-0.004516629117172695,0.0,0.004542976553520698,0
-0.012703383341431618,-0.0011912581211495836,0.0,0.005284631725709821,0
0.06822202354669571,0.004384471007907507,0.0,0.010136156435634458,0
0.05068814754486084,0.011181711139044223,0.0,0.015391126633282959,0
-0.016249442473053932,0.018411013325978283,0.0,0.020777175958748863,0
0.029133034870028496,0.025392736712654643,0.0,0.02604303572317938,0
0.16175930202007294,0.03101580720391333,0.0,0.03102629958266174,0
0.12453357875347137,0.0339025245030059,0.0,0.03528799118492516,0
0.06052001938223839,0.03338222627640194,0.0,0.03856999233536963,0
0.05958935245871544,0.03015614867849204,0.0,0.04143678295796654,0
0.000941558217164129,0.025119341461099603,0.0,0.04488134297942855,0
0.088343046605587,0.016958241627381253,0.0,0.050228918544664686,0
0.13352015614509583,0.0016821105300046345,0.0,0.0570259412293949,0
0.2275937795639038,-0.022778771791931676,0.0,0.06394333869656424,0
0.5186663866043091,-0.050637323236430797,0.0,0.06921001121131765,0
0.6273570656776428,-0.07086052140094234,0.0,0.07328061874902404,0
0.5315205454826355,-0.07511512161031098,0.0,0.07769187541194392,0
0.477964848279953,-0.059324515585615925,0.0,0.08402706190644008,0
0.12106936424970627,-0.02270818004759958,0.0,0.09291156098329684,0
-0.20315907895565033,0.029463890940208067,0.0,0.1034499116304335,0
-0.24622012674808502,0.08347951209177958,0.0,0.11405498813962736,0
-0.6514971852302551,0.11806736813629047,0.0,0.12098576491113162,0
-0.8493282198905945,0.11499212861670063,0.0,0.12011489768425747,0
-0.5726414322853088,0.0793074570639099,0.0,0.10938376516397603,0
-0.13913734257221222,0.04039955524705834,0.0,0.0924849661264956,0
0.24730369448661804,0.019097184392902214,0.0,0.08008560687571115,0
0.3750074803829193,0.005803092034386864,0.0,0.07928368127030666,0
0.2015283852815628,-0.01641152772910967,0.0,0.08360833187163226,0
0.31619560718536377,-0.04391183429419959,0.0,0.08267418064012022,0
0.6872782111167908,-0.05990603433982238,0.0,0.07370456251144986,0
0.6424437165260315,-0.05703226380476252,0.0,0.05882975039254572,0
0.31926608085632324,-0.04180956269346472,0.0,0.04198646096882143,0
0.09443998336791992,-0.022605473023932864,0.0,0.024970091433603327,0
0.08167234808206558,-0.0036356525008277973,0.0,0.007266543693096198,0
0.11017300933599472,0.010537752897684521,0.0,0.013869330705186202,0
0.002211598912253976,0.013245853027724129,0.0,0.03542984112063593,0
-0.23721054196357727,0.00040106316143286047,0.0,0.056786802452437835,0
-0.08218279480934143,-0.02510030700966712,0.0,0.07598520717268842,0
0.20423080027103424,-0.0542489791282643,0.0,0.09111660572009493,0
0.14512303471565247,-0.07903553877862346,0.0,0.10347858215679608,0
0.06082332879304886,-0.10128816155801078,0.0,0.11897942982500548,0
0.06139447167515755,-0.13604579276602086,0.0,0.15058923110617906,0
-0.026268010959029198,-0.20407056014619984,0.0,0.21155786718978917,0
-0.22317174077033997,-0.3058201168180631,0.0,0.3059612984247992,0
-0.23196418583393097,-0.38699266639369334,0.0,0.42611383399311403,0
-0.02859637886285782,-0.3463441541961741,0.0,0.5567885991318949,0
0.18064703047275543,-0.11249715662103721,0.0,0.6808972212192759,0
0.3621511161327362,0.2744993975119695,0.0,0.7828998196524088,0
0.491403728723526,0.6625407845949014,0.0,0.8531030029459216,0
0.37201645970344543,0.8789263009561883,1.0,0.888977636938979,1
0.4731346368789673,0.8314176730335376,0.0,0.8952682682697073,0
0.03274458274245262,0.5318215819872195,0.0,0.875689048343282,0
-0.5131213068962097,0.08170641894928092,0.0,0.82674385169904,0
-0.07488205283880234,-0.33689755346941763,0.0,0.7441010999706913,0
0.1192433163523674,-0.5454202950094638,0.0,0.6311068347435945,0
-0.1278066337108612,-0.5015908521400301,0.0,0.5019037008905192,0
-0.08275558799505234,-0.3150519423953744,0.0,0.3740521710981228,0
0.054226070642471313,-0.12949185192298598,0.0,0.261773560093089,0
0.24626882374286652,-0.01913091207990441,0.0,0.17325987764637654,0
0.3144976794719696,0.01927673172910047,0.0,0.11046479216900769,0
0.1259153187274933,0.02102294673766389,0.0,0.07309135228407923,0
0.10463553667068481,0.015816067657490086,0.0,0.057185696885450485,0
0.10668405145406723,0.01665446764686071,0.0,0.0543693019141308,0
0.13189104199409485,0.0241427032819663,0.0,0.05482009961057997,0
0.13735294342041016,0.033905799281892725,0.0,0.0547769050846138,0
-0.07668037712574005,0.04193521037161848,0.0,0.05310745952921666,0
-0.09391690045595169,0.04608822528999595,0.0,0.05026580592524744,0
0.1391746997833252,0.04558701661441562,0.0,0.046135790376330844,0
0.2046862691640854,0.040871784731754714,0.0,0.041038727482331186,0
0.15085527300834656,0.03343294275410935,0.0,0.03529955797338018,0
0.19918589293956757,0.02512970700285411,0.0,0.02923577764679722,0
0.05256958678364754,0.017363860282754856,0.0,0.02334248700205574,0
0.12293968349695206,0.010852894306136156,0.0,0.017333267592363224,0
0.3356676697731018,0.006154633942423591,0.0,0.011492397895047721,0
0.19779470562934875,0.004007098332097248,0.0,0.005949030479602473,0
0.1079293042421341,0.004765048515335666,0.0,0.0047874072207076375,0
-0.07063597440719604,0.007616089939787089,0.0,0.008603926924042467,0
-0.2497824877500534,0.011314612412469142,0.0,0.012556881560032453,0
-0.21265843510627747,0.015375313692343524,0.0,0.016346926888791972,0
0.04460562393069267,0.01933031983840699,0.0,0.019642550496572413,0
-0.08008688688278198,0.02202121285913548,0.0,0.02202123125070819,0
-0.03894958645105362,0.023027818843170275,0.0,0.0233793945165051,0
0.20436052978038788,0.023420049260981176,0.0,0.024576593808131302,0
0.08623433113098145,0.02388241229507144,0.0,0.026621203511357737,0
0.3271958529949188,0.02336832750205745,0.0,0.02912124926571929,0
0.5253903865814209,0.020314610308957648,0.0,0.031749946523404744,0
0.1614774763584137,0.013808184760229032,0.0,0.03376604547039938,0
0.07053238153457642,0.0037578799398290197,0.0,0.035419330198061184,0
0.2827465832233429,-0.008422218993306045,0.0,0.035987826727240935,0
0.23436960577964783,-0.020240736876400975,0.0,0.03636194235611341,0
0.18166404962539673,-0.029838094430348048,0.0,0.03656546505125715,0
0.05742471292614937,-0.035989249023583914,0.0,0.03723527500287724,0
-0.18034490942955017,-0.0379074819629362,0.0,0.038066806471922246,0
-0.248410165309906,-0.035811596523998145,0.0,0.03905838593531229,0
-0.0973019152879715,-0.029895728297476727,0.0,0.03966981723647776,0
-0.029793502762913704,-0.020499699152073836,0.0,0.037192491594502636,0
-0.2912999093532562,-0.013351503629494162,0.0,0.028997636474266644,0
-0.2710053026676178,-0.023938347826315813,0.0,0.02657466420641308,0
0.16173389554023743,-0.06571196584899966,0.0,0.0669835707750315,0
0.04944319650530815,-0.12085625567612679,0.0,0.13909935759186395,0
0.21768954396247864,-0.1288818163879269,0.0,0.2325765260728659,0
0.6452611088752747,-0.025695349494343996,0.0,0.33661204365492925,0
0.6602941155433655,0.19236812406521506,0.0,0.43843714321095967,0
0.5053812265396118,0.4370159104766468,0.0,0.5217805427967532,0
0.1511566936969757,0.5729637689806129,0.0,0.573487789089277,0
0.07869664579629898,0.5212703617301755,0.0,0.5881143327785943,0
-0.006363303400576115,0.31168812390274414,0.0,0.5693664236392265,0
-0.22385115921497345,0.03970686007579991,0.0,0.5236811449514404,0
-0.07513028383255005,-0.18800470727822746,0.0,0.4542655797282605,0
0.018011728301644325,-0.2938181044054933,0.0,0.367740907195827,0
0.008619005791842937,-0.27164219318224747,0.0,0.2751182658452703,0
-0.02856147661805153,-0.18179972191644186,0.0,0.1903896286064848,0
-0.09781672805547714,-0.09069821030432931,0.0,0.12303667471394984,0
0.03165910765528679,-0.028237331183616775,0.0,0.07512565413225411,0
0.23853449523448944,0.0059846319387531835,0.0,0.04531196526873719,0
0.23650705814361572,0.021710442279178524,0.0,0.030376770169704876,0
0.023736581206321716,0.027653288762497782,0.0,0.027839596047024268,0
-0.00654619000852108,0.029649456892068056,0.0,0.03150457153655514,0
0.11510664969682693,0.030489831161553647,0.0,0.03765386764113366,0
0.01944882981479168,0.02961657532360958,0.0,0.04549381715753838,0
0.024123540148139,0.02480151560624808,0.0,0.05309961556266887,0
0.18510718643665314,0.015140141226719746,0.0,0.05987711570955658,0
-0.10876762866973877,0.0018538400896209737,0.0,0.06420245575130838,0
-0.0665973499417305,-0.01283568056315345,0.0,0.06679482314992154,0
0.34332969784736633,-0.02649771056547974,0.0,0.06668043522670931,0
0.38568392395973206,-0.03726874210682351,0.0,0.06528258753967266,0
0.26084721088409424,-0.04489644653331388,0.0,0.0626451663557319,0
0.017383994534611702,-0.050256560739029905,0.0,0.060246519029044036,0
0.028906043618917465,-0.053400835741772915,0.0,0.05718813638973834,0
0.2377232313156128,-0.05279011870035321,0.0,0.05315698788280805,0
0.19987168908119202,-0.04639771574835981,0.0,0.04727710689267501,0
0.08855077624320984,-0.03360209153783717,0.0,0.03968477224608919,0
-0.14688818156719208,-0.016049620176841816,0.0,0.03234657551609962,0
-0.13985459506511688,0.0038433728009306463,0.0,0.027570559389207827,0
0.14535975456237793,0.023620473262385592,0.0,0.0302222170914806,0
0.21146439015865326,0.03935874609169669,0.0,0.039371206776069145,0
0.03810396417975426,0.0465907697175288,0.0,0.051736469582799025,0
-0.052079979330301285,0.04349794565294651,0.0,0.06473322343083622,0
-0.053028929978609085,0.031405351296774096,0.0,0.0764513265446205,0
0.166971355676651,0.012570253502595045,0.0,0.0876336161497204,0
0.15380704402923584,-0.010717696643383968,0.0,0.09623237900434209,0
0.11260982602834702,-0.034328542195551044,0.0,0.1023602132128136,0
0.15654943883419037,-0.05283440887721249,0.0,0.10465506019740965,0
0.10879416763782501,-0.06523098506622907,0.0,0.10805633947767468,0
0.10086933523416519,-0.07742301085700815,0.0,0.11710297891869602,0
0.10152100771665573,-0.0981635587545284,0.0,0.1382852663986245,0
0.07845041155815125,-0.1384124000892947,0.0,0.17615699651966724,0
-0.18660566210746765,-0.2130445811133924,0.0,0.23891415713840897,0
-0.1609022319316864,-0.32435003236781,0.0,0.32847970473915405,0
0.10824928432703018,-0.42607543995385666,0.0,0.4397489972544876,0
0.34079042077064514,-0.41590158453490267,0.0,0.5612068513037698,0
0.09739205986261368,-0.19962983689188757,0.0,0.6786300637371173,0
0.09158143401145935,0.20869627848819117,0.0,0.7815252758908764,0
0.3461523652076721,0.6491027220819033,0.0,0.8595377804039757,0
0.2507036626338959,0.9041200539883911,0.0,0.9114411889263011,1
0.41009360551834106,0.8413465684242978,1.0,0.9381504984407886,0
0.05926642194390297,0.47774621253183575,0.0,0.939534202125547,0
-0.5424346923828125,-0.03829533924384863,0.0,0.9113774327867635,0
-0.195285826921463,-0.48288867047933526,0.0,0.8439211251134926,0
0.32292044162750244,-0.6763925278408829,0.0,0.7390396059584394,0
0.3662237823009491,-0.6030891232738428,0.0,0.6060421985055698,0
0.25871944427490234,-0.39465573156570244,0.0,0.46421481583463964,0
0.12155905365943909,-0.19932873750065405,0.0,0.3346433783022987,0
-0.0165125522762537,-0.08374487278641606,0.0,0.2301993551170176,0
-0.018808096647262573,-0.037187241095963816,0.0,0.1600968188533166,0
-0.02731584571301937,-0.02488262793863765,0.0,0.11790815390013552,0
0.1539025604724884,-0.02207077654286864,0.0,0.09792797060752184,0
0.15730296075344086,-0.018943668843510383,0.0,0.0847203375824501,0
-0.07718826085329056,-0.014796023908995103,0.0,0.07603485565493882,0
-0.08134344220161438,-0.012151981597482816,0.0,0.06482870320138064,0
0.06320390850305557,-0.013192959208710456,0.0,0.05815329034669329,0
-0.05482650175690651,-0.017852435988458173,0.0,0.052917496313359236,0
-0.15133005380630493,-0.02332912480643514,0.0,0.0575809366481527,0
-0.03699350357055664,-0.025086704138203002,0.0,0.06152861174877811,0
0.07079070061445236,-0.02021232768823462,0.0,0.06825153995422538,0
0.2319733202457428,-0.01184520111864847,0.0,0.06293809825554962,0
0.2462688833475113,-0.007890198459041209,0.0,0.061337295956372224,0
-0.10962250828742981,-0.013188411002851697,0.0,0.051265672927016885,0
0.10406212508678436,-0.02527514605381936,0.0,0.07905760142041093,0
